,image,collection_id
0,processed_images\image0.jpg,2
1,processed_images\image1.jpg,6
2,processed_images\image2.jpg,11
3,processed_images\image3.jpg,16
4,processed_images\image4.jpg,16
5,processed_images\image5.jpg,1
6,processed_images\image6.jpg,9
7,processed_images\image7.jpg,6
8,processed_images\image8.jpg,16
9,processed_images\image9.jpg,3
10,processed_images\image10.jpg,20
11,processed_images\image11.jpg,4
12,processed_images\image12.jpg,19
13,processed_images\image13.jpg,3
14,processed_images\image14.jpg,19
15,processed_images\image15.jpg,20
16,processed_images\image16.jpg,7
17,processed_images\image17.jpg,20
18,processed_images\image18.jpg,9
19,processed_images\image19.jpg,1
20,processed_images\image20.jpg,8
21,processed_images\image21.jpg,7
22,processed_images\image22.jpg,18
23,processed_images\image23.jpg,8
24,processed_images\image24.jpg,1
25,processed_images\image25.jpg,11
26,processed_images\image26.jpg,18
27,processed_images\image27.jpg,10
28,processed_images\image28.jpg,3
29,processed_images\image29.jpg,7
30,processed_images\image30.jpg,16
31,processed_images\image31.jpg,16
32,processed_images\image32.jpg,20
33,processed_images\image33.jpg,17
34,processed_images\image34.jpg,2
35,processed_images\image35.jpg,1
36,processed_images\image36.jpg,16
37,processed_images\image37.jpg,12
38,processed_images\image38.jpg,5
39,processed_images\image39.jpg,5
40,processed_images\image40.jpg,9
41,processed_images\image41.jpg,9
42,processed_images\image42.jpg,3
43,processed_images\image43.jpg,19
44,processed_images\image44.jpg,16
45,processed_images\image45.jpg,16
46,processed_images\image46.jpg,3
47,processed_images\image47.jpg,20
48,processed_images\image48.jpg,1
49,processed_images\image49.jpg,20
50,processed_images\image50.jpg,11
51,processed_images\image51.jpg,17
52,processed_images\image52.jpg,8
53,processed_images\image53.jpg,4
54,processed_images\image54.jpg,6
55,processed_images\image55.jpg,8
56,processed_images\image56.jpg,20
57,processed_images\image57.jpg,3
58,processed_images\image58.jpg,16
59,processed_images\image59.jpg,3
60,processed_images\image60.jpg,18
61,processed_images\image61.jpg,14
62,processed_images\image62.jpg,18
63,processed_images\image63.jpg,2
64,processed_images\image64.jpg,3
65,processed_images\image65.jpg,16
66,processed_images\image66.jpg,9
67,processed_images\image67.jpg,4
68,processed_images\image68.jpg,1
69,processed_images\image69.jpg,4
70,processed_images\image70.jpg,1
71,processed_images\image71.jpg,14
72,processed_images\image72.jpg,16
73,processed_images\image73.jpg,20
74,processed_images\image74.jpg,8
75,processed_images\image75.jpg,7
76,processed_images\image76.jpg,3
77,processed_images\image77.jpg,17
78,processed_images\image78.jpg,1
79,processed_images\image79.jpg,16
80,processed_images\image80.jpg,12
81,processed_images\image81.jpg,19
82,processed_images\image82.jpg,14
83,processed_images\image83.jpg,6
84,processed_images\image84.jpg,6
85,processed_images\image85.jpg,13
86,processed_images\image86.jpg,19
87,processed_images\image87.jpg,8
88,processed_images\image88.jpg,2
89,processed_images\image89.jpg,1
90,processed_images\image90.jpg,15
91,processed_images\image91.jpg,1
92,processed_images\image92.jpg,5
93,processed_images\image93.jpg,16
94,processed_images\image94.jpg,19
95,processed_images\image95.jpg,4
96,processed_images\image96.jpg,3
97,processed_images\image97.jpg,17
98,processed_images\image98.jpg,17
99,processed_images\image99.jpg,12
100,augmented_images\augmented_6_1_0.jpg,6
101,augmented_images\augmented_6_1_1.jpg,6
102,augmented_images\augmented_6_1_2.jpg,6
103,augmented_images\augmented_6_1_3.jpg,6
104,augmented_images\augmented_6_1_4.jpg,6
105,augmented_images\augmented_6_1_5.jpg,6
106,augmented_images\augmented_6_1_6.jpg,6
107,augmented_images\augmented_6_1_7.jpg,6
108,augmented_images\augmented_6_1_8.jpg,6
109,augmented_images\augmented_11_2_0.jpg,11
110,augmented_images\augmented_11_2_1.jpg,11
111,augmented_images\augmented_11_2_2.jpg,11
112,augmented_images\augmented_11_2_3.jpg,11
113,augmented_images\augmented_11_2_4.jpg,11
114,augmented_images\augmented_11_2_5.jpg,11
115,augmented_images\augmented_11_2_6.jpg,11
116,augmented_images\augmented_11_2_7.jpg,11
117,augmented_images\augmented_11_2_8.jpg,11
118,augmented_images\augmented_16_3_0.jpg,16
119,augmented_images\augmented_16_3_1.jpg,16
120,augmented_images\augmented_16_3_2.jpg,16
121,augmented_images\augmented_16_3_3.jpg,16
122,augmented_images\augmented_16_3_4.jpg,16
123,augmented_images\augmented_16_3_5.jpg,16
124,augmented_images\augmented_16_3_6.jpg,16
125,augmented_images\augmented_16_3_7.jpg,16
126,augmented_images\augmented_16_3_8.jpg,16
127,augmented_images\augmented_16_4_0.jpg,16
128,augmented_images\augmented_16_4_1.jpg,16
129,augmented_images\augmented_16_4_2.jpg,16
130,augmented_images\augmented_16_4_3.jpg,16
131,augmented_images\augmented_16_4_4.jpg,16
132,augmented_images\augmented_16_4_5.jpg,16
133,augmented_images\augmented_16_4_6.jpg,16
134,augmented_images\augmented_16_4_7.jpg,16
135,augmented_images\augmented_16_4_8.jpg,16
136,augmented_images\augmented_1_5_0.jpg,1
137,augmented_images\augmented_1_5_1.jpg,1
138,augmented_images\augmented_1_5_2.jpg,1
139,augmented_images\augmented_1_5_3.jpg,1
140,augmented_images\augmented_1_5_4.jpg,1
141,augmented_images\augmented_1_5_5.jpg,1
142,augmented_images\augmented_1_5_6.jpg,1
143,augmented_images\augmented_1_5_7.jpg,1
144,augmented_images\augmented_1_5_8.jpg,1
145,augmented_images\augmented_9_6_0.jpg,9
146,augmented_images\augmented_9_6_1.jpg,9
147,augmented_images\augmented_9_6_2.jpg,9
148,augmented_images\augmented_9_6_3.jpg,9
149,augmented_images\augmented_9_6_4.jpg,9
150,augmented_images\augmented_9_6_5.jpg,9
151,augmented_images\augmented_9_6_6.jpg,9
152,augmented_images\augmented_9_6_7.jpg,9
153,augmented_images\augmented_9_6_8.jpg,9
154,augmented_images\augmented_6_7_0.jpg,6
155,augmented_images\augmented_6_7_1.jpg,6
156,augmented_images\augmented_6_7_2.jpg,6
157,augmented_images\augmented_6_7_3.jpg,6
158,augmented_images\augmented_6_7_4.jpg,6
159,augmented_images\augmented_6_7_5.jpg,6
160,augmented_images\augmented_6_7_6.jpg,6
161,augmented_images\augmented_6_7_7.jpg,6
162,augmented_images\augmented_6_7_8.jpg,6
163,augmented_images\augmented_16_8_0.jpg,16
164,augmented_images\augmented_16_8_1.jpg,16
165,augmented_images\augmented_16_8_2.jpg,16
166,augmented_images\augmented_16_8_3.jpg,16
167,augmented_images\augmented_16_8_4.jpg,16
168,augmented_images\augmented_16_8_5.jpg,16
169,augmented_images\augmented_16_8_6.jpg,16
170,augmented_images\augmented_16_8_7.jpg,16
171,augmented_images\augmented_16_8_8.jpg,16
172,augmented_images\augmented_3_9_0.jpg,3
173,augmented_images\augmented_3_9_1.jpg,3
174,augmented_images\augmented_3_9_2.jpg,3
175,augmented_images\augmented_3_9_3.jpg,3
176,augmented_images\augmented_3_9_4.jpg,3
177,augmented_images\augmented_3_9_5.jpg,3
178,augmented_images\augmented_3_9_6.jpg,3
179,augmented_images\augmented_3_9_7.jpg,3
180,augmented_images\augmented_3_9_8.jpg,3
181,augmented_images\augmented_20_10_0.jpg,20
182,augmented_images\augmented_20_10_1.jpg,20
183,augmented_images\augmented_20_10_2.jpg,20
184,augmented_images\augmented_20_10_3.jpg,20
185,augmented_images\augmented_20_10_4.jpg,20
186,augmented_images\augmented_20_10_5.jpg,20
187,augmented_images\augmented_20_10_6.jpg,20
188,augmented_images\augmented_20_10_7.jpg,20
189,augmented_images\augmented_20_10_8.jpg,20
190,augmented_images\augmented_4_11_0.jpg,4
191,augmented_images\augmented_4_11_1.jpg,4
192,augmented_images\augmented_4_11_2.jpg,4
193,augmented_images\augmented_4_11_3.jpg,4
194,augmented_images\augmented_4_11_4.jpg,4
195,augmented_images\augmented_4_11_5.jpg,4
196,augmented_images\augmented_4_11_6.jpg,4
197,augmented_images\augmented_4_11_7.jpg,4
198,augmented_images\augmented_4_11_8.jpg,4
199,augmented_images\augmented_19_12_0.jpg,19
200,augmented_images\augmented_19_12_1.jpg,19
201,augmented_images\augmented_19_12_2.jpg,19
202,augmented_images\augmented_19_12_3.jpg,19
203,augmented_images\augmented_19_12_4.jpg,19
204,augmented_images\augmented_19_12_5.jpg,19
205,augmented_images\augmented_19_12_6.jpg,19
206,augmented_images\augmented_19_12_7.jpg,19
207,augmented_images\augmented_19_12_8.jpg,19
208,augmented_images\augmented_3_13_0.jpg,3
209,augmented_images\augmented_3_13_1.jpg,3
210,augmented_images\augmented_3_13_2.jpg,3
211,augmented_images\augmented_3_13_3.jpg,3
212,augmented_images\augmented_3_13_4.jpg,3
213,augmented_images\augmented_3_13_5.jpg,3
214,augmented_images\augmented_3_13_6.jpg,3
215,augmented_images\augmented_3_13_7.jpg,3
216,augmented_images\augmented_3_13_8.jpg,3
217,augmented_images\augmented_19_14_0.jpg,19
218,augmented_images\augmented_19_14_1.jpg,19
219,augmented_images\augmented_19_14_2.jpg,19
220,augmented_images\augmented_19_14_3.jpg,19
221,augmented_images\augmented_19_14_4.jpg,19
222,augmented_images\augmented_19_14_5.jpg,19
223,augmented_images\augmented_19_14_6.jpg,19
224,augmented_images\augmented_19_14_7.jpg,19
225,augmented_images\augmented_19_14_8.jpg,19
226,augmented_images\augmented_20_15_0.jpg,20
227,augmented_images\augmented_20_15_1.jpg,20
228,augmented_images\augmented_20_15_2.jpg,20
229,augmented_images\augmented_20_15_3.jpg,20
230,augmented_images\augmented_20_15_4.jpg,20
231,augmented_images\augmented_20_15_5.jpg,20
232,augmented_images\augmented_20_15_6.jpg,20
233,augmented_images\augmented_20_15_7.jpg,20
234,augmented_images\augmented_20_15_8.jpg,20
235,augmented_images\augmented_7_16_0.jpg,7
236,augmented_images\augmented_7_16_1.jpg,7
237,augmented_images\augmented_7_16_2.jpg,7
238,augmented_images\augmented_7_16_3.jpg,7
239,augmented_images\augmented_7_16_4.jpg,7
240,augmented_images\augmented_7_16_5.jpg,7
241,augmented_images\augmented_7_16_6.jpg,7
242,augmented_images\augmented_7_16_7.jpg,7
243,augmented_images\augmented_7_16_8.jpg,7
244,augmented_images\augmented_20_17_0.jpg,20
245,augmented_images\augmented_20_17_1.jpg,20
246,augmented_images\augmented_20_17_2.jpg,20
247,augmented_images\augmented_20_17_3.jpg,20
248,augmented_images\augmented_20_17_4.jpg,20
249,augmented_images\augmented_20_17_5.jpg,20
250,augmented_images\augmented_20_17_6.jpg,20
251,augmented_images\augmented_20_17_7.jpg,20
252,augmented_images\augmented_20_17_8.jpg,20
253,augmented_images\augmented_9_18_0.jpg,9
254,augmented_images\augmented_9_18_1.jpg,9
255,augmented_images\augmented_9_18_2.jpg,9
256,augmented_images\augmented_9_18_3.jpg,9
257,augmented_images\augmented_9_18_4.jpg,9
258,augmented_images\augmented_9_18_5.jpg,9
259,augmented_images\augmented_9_18_6.jpg,9
260,augmented_images\augmented_9_18_7.jpg,9
261,augmented_images\augmented_9_18_8.jpg,9
262,augmented_images\augmented_1_19_0.jpg,1
263,augmented_images\augmented_1_19_1.jpg,1
264,augmented_images\augmented_1_19_2.jpg,1
265,augmented_images\augmented_1_19_3.jpg,1
266,augmented_images\augmented_1_19_4.jpg,1
267,augmented_images\augmented_1_19_5.jpg,1
268,augmented_images\augmented_1_19_6.jpg,1
269,augmented_images\augmented_1_19_7.jpg,1
270,augmented_images\augmented_1_19_8.jpg,1
271,augmented_images\augmented_8_20_0.jpg,8
272,augmented_images\augmented_8_20_1.jpg,8
273,augmented_images\augmented_8_20_2.jpg,8
274,augmented_images\augmented_8_20_3.jpg,8
275,augmented_images\augmented_8_20_4.jpg,8
276,augmented_images\augmented_8_20_5.jpg,8
277,augmented_images\augmented_8_20_6.jpg,8
278,augmented_images\augmented_8_20_7.jpg,8
279,augmented_images\augmented_8_20_8.jpg,8
280,augmented_images\augmented_7_21_0.jpg,7
281,augmented_images\augmented_7_21_1.jpg,7
282,augmented_images\augmented_7_21_2.jpg,7
283,augmented_images\augmented_7_21_3.jpg,7
284,augmented_images\augmented_7_21_4.jpg,7
285,augmented_images\augmented_7_21_5.jpg,7
286,augmented_images\augmented_7_21_6.jpg,7
287,augmented_images\augmented_7_21_7.jpg,7
288,augmented_images\augmented_7_21_8.jpg,7
289,augmented_images\augmented_18_22_0.jpg,18
290,augmented_images\augmented_18_22_1.jpg,18
291,augmented_images\augmented_18_22_2.jpg,18
292,augmented_images\augmented_18_22_3.jpg,18
293,augmented_images\augmented_18_22_4.jpg,18
294,augmented_images\augmented_18_22_5.jpg,18
295,augmented_images\augmented_18_22_6.jpg,18
296,augmented_images\augmented_18_22_7.jpg,18
297,augmented_images\augmented_18_22_8.jpg,18
298,augmented_images\augmented_8_23_0.jpg,8
299,augmented_images\augmented_8_23_1.jpg,8
300,augmented_images\augmented_8_23_2.jpg,8
301,augmented_images\augmented_8_23_3.jpg,8
302,augmented_images\augmented_8_23_4.jpg,8
303,augmented_images\augmented_8_23_5.jpg,8
304,augmented_images\augmented_8_23_6.jpg,8
305,augmented_images\augmented_8_23_7.jpg,8
306,augmented_images\augmented_8_23_8.jpg,8
307,augmented_images\augmented_1_24_0.jpg,1
308,augmented_images\augmented_1_24_1.jpg,1
309,augmented_images\augmented_1_24_2.jpg,1
310,augmented_images\augmented_1_24_3.jpg,1
311,augmented_images\augmented_1_24_4.jpg,1
312,augmented_images\augmented_1_24_5.jpg,1
313,augmented_images\augmented_1_24_6.jpg,1
314,augmented_images\augmented_1_24_7.jpg,1
315,augmented_images\augmented_1_24_8.jpg,1
316,augmented_images\augmented_11_25_0.jpg,11
317,augmented_images\augmented_11_25_1.jpg,11
318,augmented_images\augmented_11_25_2.jpg,11
319,augmented_images\augmented_11_25_3.jpg,11
320,augmented_images\augmented_11_25_4.jpg,11
321,augmented_images\augmented_11_25_5.jpg,11
322,augmented_images\augmented_11_25_6.jpg,11
323,augmented_images\augmented_11_25_7.jpg,11
324,augmented_images\augmented_11_25_8.jpg,11
325,augmented_images\augmented_18_26_0.jpg,18
326,augmented_images\augmented_18_26_1.jpg,18
327,augmented_images\augmented_18_26_2.jpg,18
328,augmented_images\augmented_18_26_3.jpg,18
329,augmented_images\augmented_18_26_4.jpg,18
330,augmented_images\augmented_18_26_5.jpg,18
331,augmented_images\augmented_18_26_6.jpg,18
332,augmented_images\augmented_18_26_7.jpg,18
333,augmented_images\augmented_18_26_8.jpg,18
334,augmented_images\augmented_10_27_0.jpg,10
335,augmented_images\augmented_10_27_1.jpg,10
336,augmented_images\augmented_10_27_2.jpg,10
337,augmented_images\augmented_10_27_3.jpg,10
338,augmented_images\augmented_10_27_4.jpg,10
339,augmented_images\augmented_10_27_5.jpg,10
340,augmented_images\augmented_10_27_6.jpg,10
341,augmented_images\augmented_10_27_7.jpg,10
342,augmented_images\augmented_10_27_8.jpg,10
343,augmented_images\augmented_3_28_0.jpg,3
344,augmented_images\augmented_3_28_1.jpg,3
345,augmented_images\augmented_3_28_2.jpg,3
346,augmented_images\augmented_3_28_3.jpg,3
347,augmented_images\augmented_3_28_4.jpg,3
348,augmented_images\augmented_3_28_5.jpg,3
349,augmented_images\augmented_3_28_6.jpg,3
350,augmented_images\augmented_3_28_7.jpg,3
351,augmented_images\augmented_3_28_8.jpg,3
352,augmented_images\augmented_7_29_0.jpg,7
353,augmented_images\augmented_7_29_1.jpg,7
354,augmented_images\augmented_7_29_2.jpg,7
355,augmented_images\augmented_7_29_3.jpg,7
356,augmented_images\augmented_7_29_4.jpg,7
357,augmented_images\augmented_7_29_5.jpg,7
358,augmented_images\augmented_7_29_6.jpg,7
359,augmented_images\augmented_7_29_7.jpg,7
360,augmented_images\augmented_7_29_8.jpg,7
361,augmented_images\augmented_16_30_0.jpg,16
362,augmented_images\augmented_16_30_1.jpg,16
363,augmented_images\augmented_16_30_2.jpg,16
364,augmented_images\augmented_16_30_3.jpg,16
365,augmented_images\augmented_16_30_4.jpg,16
366,augmented_images\augmented_16_30_5.jpg,16
367,augmented_images\augmented_16_30_6.jpg,16
368,augmented_images\augmented_16_30_7.jpg,16
369,augmented_images\augmented_16_30_8.jpg,16
370,augmented_images\augmented_16_31_0.jpg,16
371,augmented_images\augmented_16_31_1.jpg,16
372,augmented_images\augmented_16_31_2.jpg,16
373,augmented_images\augmented_16_31_3.jpg,16
374,augmented_images\augmented_16_31_4.jpg,16
375,augmented_images\augmented_16_31_5.jpg,16
376,augmented_images\augmented_16_31_6.jpg,16
377,augmented_images\augmented_16_31_7.jpg,16
378,augmented_images\augmented_16_31_8.jpg,16
379,augmented_images\augmented_20_32_0.jpg,20
380,augmented_images\augmented_20_32_1.jpg,20
381,augmented_images\augmented_20_32_2.jpg,20
382,augmented_images\augmented_20_32_3.jpg,20
383,augmented_images\augmented_20_32_4.jpg,20
384,augmented_images\augmented_20_32_5.jpg,20
385,augmented_images\augmented_20_32_6.jpg,20
386,augmented_images\augmented_20_32_7.jpg,20
387,augmented_images\augmented_20_32_8.jpg,20
388,augmented_images\augmented_17_33_0.jpg,17
389,augmented_images\augmented_17_33_1.jpg,17
390,augmented_images\augmented_17_33_2.jpg,17
391,augmented_images\augmented_17_33_3.jpg,17
392,augmented_images\augmented_17_33_4.jpg,17
393,augmented_images\augmented_17_33_5.jpg,17
394,augmented_images\augmented_17_33_6.jpg,17
395,augmented_images\augmented_17_33_7.jpg,17
396,augmented_images\augmented_17_33_8.jpg,17
397,augmented_images\augmented_2_34_0.jpg,2
398,augmented_images\augmented_2_34_1.jpg,2
399,augmented_images\augmented_2_34_2.jpg,2
400,augmented_images\augmented_2_34_3.jpg,2
401,augmented_images\augmented_2_34_4.jpg,2
402,augmented_images\augmented_2_34_5.jpg,2
403,augmented_images\augmented_2_34_6.jpg,2
404,augmented_images\augmented_2_34_7.jpg,2
405,augmented_images\augmented_2_34_8.jpg,2
406,augmented_images\augmented_1_35_0.jpg,1
407,augmented_images\augmented_1_35_1.jpg,1
408,augmented_images\augmented_1_35_2.jpg,1
409,augmented_images\augmented_1_35_3.jpg,1
410,augmented_images\augmented_1_35_4.jpg,1
411,augmented_images\augmented_1_35_5.jpg,1
412,augmented_images\augmented_1_35_6.jpg,1
413,augmented_images\augmented_1_35_7.jpg,1
414,augmented_images\augmented_1_35_8.jpg,1
415,augmented_images\augmented_16_36_0.jpg,16
416,augmented_images\augmented_16_36_1.jpg,16
417,augmented_images\augmented_16_36_2.jpg,16
418,augmented_images\augmented_16_36_3.jpg,16
419,augmented_images\augmented_16_36_4.jpg,16
420,augmented_images\augmented_16_36_5.jpg,16
421,augmented_images\augmented_16_36_6.jpg,16
422,augmented_images\augmented_16_36_7.jpg,16
423,augmented_images\augmented_16_36_8.jpg,16
424,augmented_images\augmented_12_37_0.jpg,12
425,augmented_images\augmented_12_37_1.jpg,12
426,augmented_images\augmented_12_37_2.jpg,12
427,augmented_images\augmented_12_37_3.jpg,12
428,augmented_images\augmented_12_37_4.jpg,12
429,augmented_images\augmented_12_37_5.jpg,12
430,augmented_images\augmented_12_37_6.jpg,12
431,augmented_images\augmented_12_37_7.jpg,12
432,augmented_images\augmented_12_37_8.jpg,12
433,augmented_images\augmented_5_38_0.jpg,5
434,augmented_images\augmented_5_38_1.jpg,5
435,augmented_images\augmented_5_38_2.jpg,5
436,augmented_images\augmented_5_38_3.jpg,5
437,augmented_images\augmented_5_38_4.jpg,5
438,augmented_images\augmented_5_38_5.jpg,5
439,augmented_images\augmented_5_38_6.jpg,5
440,augmented_images\augmented_5_38_7.jpg,5
441,augmented_images\augmented_5_38_8.jpg,5
442,augmented_images\augmented_5_39_0.jpg,5
443,augmented_images\augmented_5_39_1.jpg,5
444,augmented_images\augmented_5_39_2.jpg,5
445,augmented_images\augmented_5_39_3.jpg,5
446,augmented_images\augmented_5_39_4.jpg,5
447,augmented_images\augmented_5_39_5.jpg,5
448,augmented_images\augmented_5_39_6.jpg,5
449,augmented_images\augmented_5_39_7.jpg,5
450,augmented_images\augmented_5_39_8.jpg,5
451,augmented_images\augmented_9_40_0.jpg,9
452,augmented_images\augmented_9_40_1.jpg,9
453,augmented_images\augmented_9_40_2.jpg,9
454,augmented_images\augmented_9_40_3.jpg,9
455,augmented_images\augmented_9_40_4.jpg,9
456,augmented_images\augmented_9_40_5.jpg,9
457,augmented_images\augmented_9_40_6.jpg,9
458,augmented_images\augmented_9_40_7.jpg,9
459,augmented_images\augmented_9_40_8.jpg,9
460,augmented_images\augmented_9_41_0.jpg,9
461,augmented_images\augmented_9_41_1.jpg,9
462,augmented_images\augmented_9_41_2.jpg,9
463,augmented_images\augmented_9_41_3.jpg,9
464,augmented_images\augmented_9_41_4.jpg,9
465,augmented_images\augmented_9_41_5.jpg,9
466,augmented_images\augmented_9_41_6.jpg,9
467,augmented_images\augmented_9_41_7.jpg,9
468,augmented_images\augmented_9_41_8.jpg,9
469,augmented_images\augmented_3_42_0.jpg,3
470,augmented_images\augmented_3_42_1.jpg,3
471,augmented_images\augmented_3_42_2.jpg,3
472,augmented_images\augmented_3_42_3.jpg,3
473,augmented_images\augmented_3_42_4.jpg,3
474,augmented_images\augmented_3_42_5.jpg,3
475,augmented_images\augmented_3_42_6.jpg,3
476,augmented_images\augmented_3_42_7.jpg,3
477,augmented_images\augmented_3_42_8.jpg,3
478,augmented_images\augmented_19_43_0.jpg,19
479,augmented_images\augmented_19_43_1.jpg,19
480,augmented_images\augmented_19_43_2.jpg,19
481,augmented_images\augmented_19_43_3.jpg,19
482,augmented_images\augmented_19_43_4.jpg,19
483,augmented_images\augmented_19_43_5.jpg,19
484,augmented_images\augmented_19_43_6.jpg,19
485,augmented_images\augmented_19_43_7.jpg,19
486,augmented_images\augmented_19_43_8.jpg,19
487,augmented_images\augmented_16_44_0.jpg,16
488,augmented_images\augmented_16_44_1.jpg,16
489,augmented_images\augmented_16_44_2.jpg,16
490,augmented_images\augmented_16_44_3.jpg,16
491,augmented_images\augmented_16_44_4.jpg,16
492,augmented_images\augmented_16_44_5.jpg,16
493,augmented_images\augmented_16_44_6.jpg,16
494,augmented_images\augmented_16_44_7.jpg,16
495,augmented_images\augmented_16_44_8.jpg,16
496,augmented_images\augmented_16_45_0.jpg,16
497,augmented_images\augmented_16_45_1.jpg,16
498,augmented_images\augmented_16_45_2.jpg,16
499,augmented_images\augmented_16_45_3.jpg,16
500,augmented_images\augmented_16_45_4.jpg,16
501,augmented_images\augmented_16_45_5.jpg,16
502,augmented_images\augmented_16_45_6.jpg,16
503,augmented_images\augmented_16_45_7.jpg,16
504,augmented_images\augmented_16_45_8.jpg,16
505,augmented_images\augmented_3_46_0.jpg,3
506,augmented_images\augmented_3_46_1.jpg,3
507,augmented_images\augmented_3_46_2.jpg,3
508,augmented_images\augmented_3_46_3.jpg,3
509,augmented_images\augmented_3_46_4.jpg,3
510,augmented_images\augmented_3_46_5.jpg,3
511,augmented_images\augmented_3_46_6.jpg,3
512,augmented_images\augmented_3_46_7.jpg,3
513,augmented_images\augmented_3_46_8.jpg,3
514,augmented_images\augmented_20_47_0.jpg,20
515,augmented_images\augmented_20_47_1.jpg,20
516,augmented_images\augmented_20_47_2.jpg,20
517,augmented_images\augmented_20_47_3.jpg,20
518,augmented_images\augmented_20_47_4.jpg,20
519,augmented_images\augmented_20_47_5.jpg,20
520,augmented_images\augmented_20_47_6.jpg,20
521,augmented_images\augmented_20_47_7.jpg,20
522,augmented_images\augmented_20_47_8.jpg,20
523,augmented_images\augmented_1_48_0.jpg,1
524,augmented_images\augmented_1_48_1.jpg,1
525,augmented_images\augmented_1_48_2.jpg,1
526,augmented_images\augmented_1_48_3.jpg,1
527,augmented_images\augmented_1_48_4.jpg,1
528,augmented_images\augmented_1_48_5.jpg,1
529,augmented_images\augmented_1_48_6.jpg,1
530,augmented_images\augmented_1_48_7.jpg,1
531,augmented_images\augmented_1_48_8.jpg,1
532,augmented_images\augmented_20_49_0.jpg,20
533,augmented_images\augmented_20_49_1.jpg,20
534,augmented_images\augmented_20_49_2.jpg,20
535,augmented_images\augmented_20_49_3.jpg,20
536,augmented_images\augmented_20_49_4.jpg,20
537,augmented_images\augmented_20_49_5.jpg,20
538,augmented_images\augmented_20_49_6.jpg,20
539,augmented_images\augmented_20_49_7.jpg,20
540,augmented_images\augmented_20_49_8.jpg,20
541,augmented_images\augmented_11_50_0.jpg,11
542,augmented_images\augmented_11_50_1.jpg,11
543,augmented_images\augmented_11_50_2.jpg,11
544,augmented_images\augmented_11_50_3.jpg,11
545,augmented_images\augmented_11_50_4.jpg,11
546,augmented_images\augmented_11_50_5.jpg,11
547,augmented_images\augmented_11_50_6.jpg,11
548,augmented_images\augmented_11_50_7.jpg,11
549,augmented_images\augmented_11_50_8.jpg,11
550,augmented_images\augmented_17_51_0.jpg,17
551,augmented_images\augmented_17_51_1.jpg,17
552,augmented_images\augmented_17_51_2.jpg,17
553,augmented_images\augmented_17_51_3.jpg,17
554,augmented_images\augmented_17_51_4.jpg,17
555,augmented_images\augmented_17_51_5.jpg,17
556,augmented_images\augmented_17_51_6.jpg,17
557,augmented_images\augmented_17_51_7.jpg,17
558,augmented_images\augmented_17_51_8.jpg,17
559,augmented_images\augmented_8_52_0.jpg,8
560,augmented_images\augmented_8_52_1.jpg,8
561,augmented_images\augmented_8_52_2.jpg,8
562,augmented_images\augmented_8_52_3.jpg,8
563,augmented_images\augmented_8_52_4.jpg,8
564,augmented_images\augmented_8_52_5.jpg,8
565,augmented_images\augmented_8_52_6.jpg,8
566,augmented_images\augmented_8_52_7.jpg,8
567,augmented_images\augmented_8_52_8.jpg,8
568,augmented_images\augmented_4_53_0.jpg,4
569,augmented_images\augmented_4_53_1.jpg,4
570,augmented_images\augmented_4_53_2.jpg,4
571,augmented_images\augmented_4_53_3.jpg,4
572,augmented_images\augmented_4_53_4.jpg,4
573,augmented_images\augmented_4_53_5.jpg,4
574,augmented_images\augmented_4_53_6.jpg,4
575,augmented_images\augmented_4_53_7.jpg,4
576,augmented_images\augmented_4_53_8.jpg,4
577,augmented_images\augmented_6_54_0.jpg,6
578,augmented_images\augmented_6_54_1.jpg,6
579,augmented_images\augmented_6_54_2.jpg,6
580,augmented_images\augmented_6_54_3.jpg,6
581,augmented_images\augmented_6_54_4.jpg,6
582,augmented_images\augmented_6_54_5.jpg,6
583,augmented_images\augmented_6_54_6.jpg,6
584,augmented_images\augmented_6_54_7.jpg,6
585,augmented_images\augmented_6_54_8.jpg,6
586,augmented_images\augmented_8_55_0.jpg,8
587,augmented_images\augmented_8_55_1.jpg,8
588,augmented_images\augmented_8_55_2.jpg,8
589,augmented_images\augmented_8_55_3.jpg,8
590,augmented_images\augmented_8_55_4.jpg,8
591,augmented_images\augmented_8_55_5.jpg,8
592,augmented_images\augmented_8_55_6.jpg,8
593,augmented_images\augmented_8_55_7.jpg,8
594,augmented_images\augmented_8_55_8.jpg,8
595,augmented_images\augmented_20_56_0.jpg,20
596,augmented_images\augmented_20_56_1.jpg,20
597,augmented_images\augmented_20_56_2.jpg,20
598,augmented_images\augmented_20_56_3.jpg,20
599,augmented_images\augmented_20_56_4.jpg,20
600,augmented_images\augmented_20_56_5.jpg,20
601,augmented_images\augmented_20_56_6.jpg,20
602,augmented_images\augmented_20_56_7.jpg,20
603,augmented_images\augmented_20_56_8.jpg,20
604,augmented_images\augmented_3_57_0.jpg,3
605,augmented_images\augmented_3_57_1.jpg,3
606,augmented_images\augmented_3_57_2.jpg,3
607,augmented_images\augmented_3_57_3.jpg,3
608,augmented_images\augmented_3_57_4.jpg,3
609,augmented_images\augmented_3_57_5.jpg,3
610,augmented_images\augmented_3_57_6.jpg,3
611,augmented_images\augmented_3_57_7.jpg,3
612,augmented_images\augmented_3_57_8.jpg,3
613,augmented_images\augmented_16_58_0.jpg,16
614,augmented_images\augmented_16_58_1.jpg,16
615,augmented_images\augmented_16_58_2.jpg,16
616,augmented_images\augmented_16_58_3.jpg,16
617,augmented_images\augmented_16_58_4.jpg,16
618,augmented_images\augmented_16_58_5.jpg,16
619,augmented_images\augmented_16_58_6.jpg,16
620,augmented_images\augmented_16_58_7.jpg,16
621,augmented_images\augmented_16_58_8.jpg,16
622,augmented_images\augmented_3_59_0.jpg,3
623,augmented_images\augmented_3_59_1.jpg,3
624,augmented_images\augmented_3_59_2.jpg,3
625,augmented_images\augmented_3_59_3.jpg,3
626,augmented_images\augmented_3_59_4.jpg,3
627,augmented_images\augmented_3_59_5.jpg,3
628,augmented_images\augmented_3_59_6.jpg,3
629,augmented_images\augmented_3_59_7.jpg,3
630,augmented_images\augmented_3_59_8.jpg,3
631,augmented_images\augmented_18_60_0.jpg,18
632,augmented_images\augmented_18_60_1.jpg,18
633,augmented_images\augmented_18_60_2.jpg,18
634,augmented_images\augmented_18_60_3.jpg,18
635,augmented_images\augmented_18_60_4.jpg,18
636,augmented_images\augmented_18_60_5.jpg,18
637,augmented_images\augmented_18_60_6.jpg,18
638,augmented_images\augmented_18_60_7.jpg,18
639,augmented_images\augmented_18_60_8.jpg,18
640,augmented_images\augmented_14_61_0.jpg,14
641,augmented_images\augmented_14_61_1.jpg,14
642,augmented_images\augmented_14_61_2.jpg,14
643,augmented_images\augmented_14_61_3.jpg,14
644,augmented_images\augmented_14_61_4.jpg,14
645,augmented_images\augmented_14_61_5.jpg,14
646,augmented_images\augmented_14_61_6.jpg,14
647,augmented_images\augmented_14_61_7.jpg,14
648,augmented_images\augmented_14_61_8.jpg,14
649,augmented_images\augmented_18_62_0.jpg,18
650,augmented_images\augmented_18_62_1.jpg,18
651,augmented_images\augmented_18_62_2.jpg,18
652,augmented_images\augmented_18_62_3.jpg,18
653,augmented_images\augmented_18_62_4.jpg,18
654,augmented_images\augmented_18_62_5.jpg,18
655,augmented_images\augmented_18_62_6.jpg,18
656,augmented_images\augmented_18_62_7.jpg,18
657,augmented_images\augmented_18_62_8.jpg,18
658,augmented_images\augmented_2_63_0.jpg,2
659,augmented_images\augmented_2_63_1.jpg,2
660,augmented_images\augmented_2_63_2.jpg,2
661,augmented_images\augmented_2_63_3.jpg,2
662,augmented_images\augmented_2_63_4.jpg,2
663,augmented_images\augmented_2_63_5.jpg,2
664,augmented_images\augmented_2_63_6.jpg,2
665,augmented_images\augmented_2_63_7.jpg,2
666,augmented_images\augmented_2_63_8.jpg,2
667,augmented_images\augmented_3_64_0.jpg,3
668,augmented_images\augmented_3_64_1.jpg,3
669,augmented_images\augmented_3_64_2.jpg,3
670,augmented_images\augmented_3_64_3.jpg,3
671,augmented_images\augmented_3_64_4.jpg,3
672,augmented_images\augmented_3_64_5.jpg,3
673,augmented_images\augmented_3_64_6.jpg,3
674,augmented_images\augmented_3_64_7.jpg,3
675,augmented_images\augmented_3_64_8.jpg,3
676,augmented_images\augmented_16_65_0.jpg,16
677,augmented_images\augmented_16_65_1.jpg,16
678,augmented_images\augmented_16_65_2.jpg,16
679,augmented_images\augmented_16_65_3.jpg,16
680,augmented_images\augmented_16_65_4.jpg,16
681,augmented_images\augmented_16_65_5.jpg,16
682,augmented_images\augmented_16_65_6.jpg,16
683,augmented_images\augmented_16_65_7.jpg,16
684,augmented_images\augmented_16_65_8.jpg,16
685,augmented_images\augmented_9_66_0.jpg,9
686,augmented_images\augmented_9_66_1.jpg,9
687,augmented_images\augmented_9_66_2.jpg,9
688,augmented_images\augmented_9_66_3.jpg,9
689,augmented_images\augmented_9_66_4.jpg,9
690,augmented_images\augmented_9_66_5.jpg,9
691,augmented_images\augmented_9_66_6.jpg,9
692,augmented_images\augmented_9_66_7.jpg,9
693,augmented_images\augmented_9_66_8.jpg,9
694,augmented_images\augmented_4_67_0.jpg,4
695,augmented_images\augmented_4_67_1.jpg,4
696,augmented_images\augmented_4_67_2.jpg,4
697,augmented_images\augmented_4_67_3.jpg,4
698,augmented_images\augmented_4_67_4.jpg,4
699,augmented_images\augmented_4_67_5.jpg,4
700,augmented_images\augmented_4_67_6.jpg,4
701,augmented_images\augmented_4_67_7.jpg,4
702,augmented_images\augmented_4_67_8.jpg,4
703,augmented_images\augmented_1_68_0.jpg,1
704,augmented_images\augmented_1_68_1.jpg,1
705,augmented_images\augmented_1_68_2.jpg,1
706,augmented_images\augmented_1_68_3.jpg,1
707,augmented_images\augmented_1_68_4.jpg,1
708,augmented_images\augmented_1_68_5.jpg,1
709,augmented_images\augmented_1_68_6.jpg,1
710,augmented_images\augmented_1_68_7.jpg,1
711,augmented_images\augmented_1_68_8.jpg,1
712,augmented_images\augmented_4_69_0.jpg,4
713,augmented_images\augmented_4_69_1.jpg,4
714,augmented_images\augmented_4_69_2.jpg,4
715,augmented_images\augmented_4_69_3.jpg,4
716,augmented_images\augmented_4_69_4.jpg,4
717,augmented_images\augmented_4_69_5.jpg,4
718,augmented_images\augmented_4_69_6.jpg,4
719,augmented_images\augmented_4_69_7.jpg,4
720,augmented_images\augmented_4_69_8.jpg,4
721,augmented_images\augmented_1_70_0.jpg,1
722,augmented_images\augmented_1_70_1.jpg,1
723,augmented_images\augmented_1_70_2.jpg,1
724,augmented_images\augmented_1_70_3.jpg,1
725,augmented_images\augmented_1_70_4.jpg,1
726,augmented_images\augmented_1_70_5.jpg,1
727,augmented_images\augmented_1_70_6.jpg,1
728,augmented_images\augmented_1_70_7.jpg,1
729,augmented_images\augmented_1_70_8.jpg,1
730,augmented_images\augmented_14_71_0.jpg,14
731,augmented_images\augmented_14_71_1.jpg,14
732,augmented_images\augmented_14_71_2.jpg,14
733,augmented_images\augmented_14_71_3.jpg,14
734,augmented_images\augmented_14_71_4.jpg,14
735,augmented_images\augmented_14_71_5.jpg,14
736,augmented_images\augmented_14_71_6.jpg,14
737,augmented_images\augmented_14_71_7.jpg,14
738,augmented_images\augmented_14_71_8.jpg,14
739,augmented_images\augmented_16_72_0.jpg,16
740,augmented_images\augmented_16_72_1.jpg,16
741,augmented_images\augmented_16_72_2.jpg,16
742,augmented_images\augmented_16_72_3.jpg,16
743,augmented_images\augmented_16_72_4.jpg,16
744,augmented_images\augmented_16_72_5.jpg,16
745,augmented_images\augmented_16_72_6.jpg,16
746,augmented_images\augmented_16_72_7.jpg,16
747,augmented_images\augmented_16_72_8.jpg,16
748,augmented_images\augmented_20_73_0.jpg,20
749,augmented_images\augmented_20_73_1.jpg,20
750,augmented_images\augmented_20_73_2.jpg,20
751,augmented_images\augmented_20_73_3.jpg,20
752,augmented_images\augmented_20_73_4.jpg,20
753,augmented_images\augmented_20_73_5.jpg,20
754,augmented_images\augmented_20_73_6.jpg,20
755,augmented_images\augmented_20_73_7.jpg,20
756,augmented_images\augmented_20_73_8.jpg,20
757,augmented_images\augmented_8_74_0.jpg,8
758,augmented_images\augmented_8_74_1.jpg,8
759,augmented_images\augmented_8_74_2.jpg,8
760,augmented_images\augmented_8_74_3.jpg,8
761,augmented_images\augmented_8_74_4.jpg,8
762,augmented_images\augmented_8_74_5.jpg,8
763,augmented_images\augmented_8_74_6.jpg,8
764,augmented_images\augmented_8_74_7.jpg,8
765,augmented_images\augmented_8_74_8.jpg,8
766,augmented_images\augmented_7_75_0.jpg,7
767,augmented_images\augmented_7_75_1.jpg,7
768,augmented_images\augmented_7_75_2.jpg,7
769,augmented_images\augmented_7_75_3.jpg,7
770,augmented_images\augmented_7_75_4.jpg,7
771,augmented_images\augmented_7_75_5.jpg,7
772,augmented_images\augmented_7_75_6.jpg,7
773,augmented_images\augmented_7_75_7.jpg,7
774,augmented_images\augmented_7_75_8.jpg,7
775,augmented_images\augmented_3_76_0.jpg,3
776,augmented_images\augmented_3_76_1.jpg,3
777,augmented_images\augmented_3_76_2.jpg,3
778,augmented_images\augmented_3_76_3.jpg,3
779,augmented_images\augmented_3_76_4.jpg,3
780,augmented_images\augmented_3_76_5.jpg,3
781,augmented_images\augmented_3_76_6.jpg,3
782,augmented_images\augmented_3_76_7.jpg,3
783,augmented_images\augmented_3_76_8.jpg,3
784,augmented_images\augmented_17_77_0.jpg,17
785,augmented_images\augmented_17_77_1.jpg,17
786,augmented_images\augmented_17_77_2.jpg,17
787,augmented_images\augmented_17_77_3.jpg,17
788,augmented_images\augmented_17_77_4.jpg,17
789,augmented_images\augmented_17_77_5.jpg,17
790,augmented_images\augmented_17_77_6.jpg,17
791,augmented_images\augmented_17_77_7.jpg,17
792,augmented_images\augmented_17_77_8.jpg,17
793,augmented_images\augmented_1_78_0.jpg,1
794,augmented_images\augmented_1_78_1.jpg,1
795,augmented_images\augmented_1_78_2.jpg,1
796,augmented_images\augmented_1_78_3.jpg,1
797,augmented_images\augmented_1_78_4.jpg,1
798,augmented_images\augmented_1_78_5.jpg,1
799,augmented_images\augmented_1_78_6.jpg,1
800,augmented_images\augmented_1_78_7.jpg,1
801,augmented_images\augmented_1_78_8.jpg,1
802,augmented_images\augmented_16_79_0.jpg,16
803,augmented_images\augmented_16_79_1.jpg,16
804,augmented_images\augmented_16_79_2.jpg,16
805,augmented_images\augmented_16_79_3.jpg,16
806,augmented_images\augmented_16_79_4.jpg,16
807,augmented_images\augmented_16_79_5.jpg,16
808,augmented_images\augmented_16_79_6.jpg,16
809,augmented_images\augmented_16_79_7.jpg,16
810,augmented_images\augmented_16_79_8.jpg,16
811,augmented_images\augmented_12_80_0.jpg,12
812,augmented_images\augmented_12_80_1.jpg,12
813,augmented_images\augmented_12_80_2.jpg,12
814,augmented_images\augmented_12_80_3.jpg,12
815,augmented_images\augmented_12_80_4.jpg,12
816,augmented_images\augmented_12_80_5.jpg,12
817,augmented_images\augmented_12_80_6.jpg,12
818,augmented_images\augmented_12_80_7.jpg,12
819,augmented_images\augmented_12_80_8.jpg,12
820,augmented_images\augmented_19_81_0.jpg,19
821,augmented_images\augmented_19_81_1.jpg,19
822,augmented_images\augmented_19_81_2.jpg,19
823,augmented_images\augmented_19_81_3.jpg,19
824,augmented_images\augmented_19_81_4.jpg,19
825,augmented_images\augmented_19_81_5.jpg,19
826,augmented_images\augmented_19_81_6.jpg,19
827,augmented_images\augmented_19_81_7.jpg,19
828,augmented_images\augmented_19_81_8.jpg,19
829,augmented_images\augmented_14_82_0.jpg,14
830,augmented_images\augmented_14_82_1.jpg,14
831,augmented_images\augmented_14_82_2.jpg,14
832,augmented_images\augmented_14_82_3.jpg,14
833,augmented_images\augmented_14_82_4.jpg,14
834,augmented_images\augmented_14_82_5.jpg,14
835,augmented_images\augmented_14_82_6.jpg,14
836,augmented_images\augmented_14_82_7.jpg,14
837,augmented_images\augmented_14_82_8.jpg,14
838,augmented_images\augmented_6_83_0.jpg,6
839,augmented_images\augmented_6_83_1.jpg,6
840,augmented_images\augmented_6_83_2.jpg,6
841,augmented_images\augmented_6_83_3.jpg,6
842,augmented_images\augmented_6_83_4.jpg,6
843,augmented_images\augmented_6_83_5.jpg,6
844,augmented_images\augmented_6_83_6.jpg,6
845,augmented_images\augmented_6_83_7.jpg,6
846,augmented_images\augmented_6_83_8.jpg,6
847,augmented_images\augmented_6_84_0.jpg,6
848,augmented_images\augmented_6_84_1.jpg,6
849,augmented_images\augmented_6_84_2.jpg,6
850,augmented_images\augmented_6_84_3.jpg,6
851,augmented_images\augmented_6_84_4.jpg,6
852,augmented_images\augmented_6_84_5.jpg,6
853,augmented_images\augmented_6_84_6.jpg,6
854,augmented_images\augmented_6_84_7.jpg,6
855,augmented_images\augmented_6_84_8.jpg,6
856,augmented_images\augmented_13_85_0.jpg,13
857,augmented_images\augmented_13_85_1.jpg,13
858,augmented_images\augmented_13_85_2.jpg,13
859,augmented_images\augmented_13_85_3.jpg,13
860,augmented_images\augmented_13_85_4.jpg,13
861,augmented_images\augmented_13_85_5.jpg,13
862,augmented_images\augmented_13_85_6.jpg,13
863,augmented_images\augmented_13_85_7.jpg,13
864,augmented_images\augmented_13_85_8.jpg,13
865,augmented_images\augmented_19_86_0.jpg,19
866,augmented_images\augmented_19_86_1.jpg,19
867,augmented_images\augmented_19_86_2.jpg,19
868,augmented_images\augmented_19_86_3.jpg,19
869,augmented_images\augmented_19_86_4.jpg,19
870,augmented_images\augmented_19_86_5.jpg,19
871,augmented_images\augmented_19_86_6.jpg,19
872,augmented_images\augmented_19_86_7.jpg,19
873,augmented_images\augmented_19_86_8.jpg,19
874,augmented_images\augmented_8_87_0.jpg,8
875,augmented_images\augmented_8_87_1.jpg,8
876,augmented_images\augmented_8_87_2.jpg,8
877,augmented_images\augmented_8_87_3.jpg,8
878,augmented_images\augmented_8_87_4.jpg,8
879,augmented_images\augmented_8_87_5.jpg,8
880,augmented_images\augmented_8_87_6.jpg,8
881,augmented_images\augmented_8_87_7.jpg,8
882,augmented_images\augmented_8_87_8.jpg,8
883,augmented_images\augmented_2_88_0.jpg,2
884,augmented_images\augmented_2_88_1.jpg,2
885,augmented_images\augmented_2_88_2.jpg,2
886,augmented_images\augmented_2_88_3.jpg,2
887,augmented_images\augmented_2_88_4.jpg,2
888,augmented_images\augmented_2_88_5.jpg,2
889,augmented_images\augmented_2_88_6.jpg,2
890,augmented_images\augmented_2_88_7.jpg,2
891,augmented_images\augmented_2_88_8.jpg,2
892,augmented_images\augmented_1_89_0.jpg,1
893,augmented_images\augmented_1_89_1.jpg,1
894,augmented_images\augmented_1_89_2.jpg,1
895,augmented_images\augmented_1_89_3.jpg,1
896,augmented_images\augmented_1_89_4.jpg,1
897,augmented_images\augmented_1_89_5.jpg,1
898,augmented_images\augmented_1_89_6.jpg,1
899,augmented_images\augmented_1_89_7.jpg,1
900,augmented_images\augmented_1_89_8.jpg,1
901,augmented_images\augmented_15_90_0.jpg,15
902,augmented_images\augmented_15_90_1.jpg,15
903,augmented_images\augmented_15_90_2.jpg,15
904,augmented_images\augmented_15_90_3.jpg,15
905,augmented_images\augmented_15_90_4.jpg,15
906,augmented_images\augmented_15_90_5.jpg,15
907,augmented_images\augmented_15_90_6.jpg,15
908,augmented_images\augmented_15_90_7.jpg,15
909,augmented_images\augmented_15_90_8.jpg,15
910,augmented_images\augmented_1_91_0.jpg,1
911,augmented_images\augmented_1_91_1.jpg,1
912,augmented_images\augmented_1_91_2.jpg,1
913,augmented_images\augmented_1_91_3.jpg,1
914,augmented_images\augmented_1_91_4.jpg,1
915,augmented_images\augmented_1_91_5.jpg,1
916,augmented_images\augmented_1_91_6.jpg,1
917,augmented_images\augmented_1_91_7.jpg,1
918,augmented_images\augmented_1_91_8.jpg,1
919,augmented_images\augmented_5_92_0.jpg,5
920,augmented_images\augmented_5_92_1.jpg,5
921,augmented_images\augmented_5_92_2.jpg,5
922,augmented_images\augmented_5_92_3.jpg,5
923,augmented_images\augmented_5_92_4.jpg,5
924,augmented_images\augmented_5_92_5.jpg,5
925,augmented_images\augmented_5_92_6.jpg,5
926,augmented_images\augmented_5_92_7.jpg,5
927,augmented_images\augmented_5_92_8.jpg,5
928,augmented_images\augmented_16_93_0.jpg,16
929,augmented_images\augmented_16_93_1.jpg,16
930,augmented_images\augmented_16_93_2.jpg,16
931,augmented_images\augmented_16_93_3.jpg,16
932,augmented_images\augmented_16_93_4.jpg,16
933,augmented_images\augmented_16_93_5.jpg,16
934,augmented_images\augmented_16_93_6.jpg,16
935,augmented_images\augmented_16_93_7.jpg,16
936,augmented_images\augmented_16_93_8.jpg,16
937,augmented_images\augmented_19_94_0.jpg,19
938,augmented_images\augmented_19_94_1.jpg,19
939,augmented_images\augmented_19_94_2.jpg,19
940,augmented_images\augmented_19_94_3.jpg,19
941,augmented_images\augmented_19_94_4.jpg,19
942,augmented_images\augmented_19_94_5.jpg,19
943,augmented_images\augmented_19_94_6.jpg,19
944,augmented_images\augmented_19_94_7.jpg,19
945,augmented_images\augmented_19_94_8.jpg,19
946,augmented_images\augmented_4_95_0.jpg,4
947,augmented_images\augmented_4_95_1.jpg,4
948,augmented_images\augmented_4_95_2.jpg,4
949,augmented_images\augmented_4_95_3.jpg,4
950,augmented_images\augmented_4_95_4.jpg,4
951,augmented_images\augmented_4_95_5.jpg,4
952,augmented_images\augmented_4_95_6.jpg,4
953,augmented_images\augmented_4_95_7.jpg,4
954,augmented_images\augmented_4_95_8.jpg,4
955,augmented_images\augmented_3_96_0.jpg,3
956,augmented_images\augmented_3_96_1.jpg,3
957,augmented_images\augmented_3_96_2.jpg,3
958,augmented_images\augmented_3_96_3.jpg,3
959,augmented_images\augmented_3_96_4.jpg,3
960,augmented_images\augmented_3_96_5.jpg,3
961,augmented_images\augmented_3_96_6.jpg,3
962,augmented_images\augmented_3_96_7.jpg,3
963,augmented_images\augmented_3_96_8.jpg,3
964,augmented_images\augmented_17_97_0.jpg,17
965,augmented_images\augmented_17_97_1.jpg,17
966,augmented_images\augmented_17_97_2.jpg,17
967,augmented_images\augmented_17_97_3.jpg,17
968,augmented_images\augmented_17_97_4.jpg,17
969,augmented_images\augmented_17_97_5.jpg,17
970,augmented_images\augmented_17_97_6.jpg,17
971,augmented_images\augmented_17_97_7.jpg,17
972,augmented_images\augmented_17_97_8.jpg,17
973,augmented_images\augmented_17_98_0.jpg,17
974,augmented_images\augmented_17_98_1.jpg,17
975,augmented_images\augmented_17_98_2.jpg,17
976,augmented_images\augmented_17_98_3.jpg,17
977,augmented_images\augmented_17_98_4.jpg,17
978,augmented_images\augmented_17_98_5.jpg,17
979,augmented_images\augmented_17_98_6.jpg,17
980,augmented_images\augmented_17_98_7.jpg,17
981,augmented_images\augmented_17_98_8.jpg,17
982,augmented_images\augmented_12_99_0.jpg,12
983,augmented_images\augmented_12_99_1.jpg,12
984,augmented_images\augmented_12_99_2.jpg,12
985,augmented_images\augmented_12_99_3.jpg,12
986,augmented_images\augmented_12_99_4.jpg,12
987,augmented_images\augmented_12_99_5.jpg,12
988,augmented_images\augmented_12_99_6.jpg,12
989,augmented_images\augmented_12_99_7.jpg,12
990,augmented_images\augmented_12_99_8.jpg,12
